Fund Name,P1,P2,P3,P4,P5,Topsis Score,Rank
M1,0.89,0.79,6.7,64.4,18.2,0.5686624070182056,3
M2,0.83,0.69,6.0,42.5,12.51,0.5687898722662025,2
M3,0.89,0.79,5.5,48.8,14.0,0.5006230407698542,5
M4,0.95,0.9,6.8,47.4,14.01,0.5349462350949955,4
M5,0.67,0.45,3.2,63.3,16.91,0.4780319311908974,6
M6,0.89,0.79,3.0,41.7,11.6,0.36127076157551624,8
M7,0.86,0.74,4.5,52.3,14.6,0.44009588294665675,7
M8,0.74,0.55,6.7,62.1,17.52,0.6530695521899983,1
